onset	duration	sample	value
-0.0009765625	54148.0000000000	-0.5	boundary
0.0000000000	1.0000000000	0	RS_EC
37.0449218750	1.0000000000	18967	RS_EO
69.0742187500	1.0000000000	35366	RS_EC
106.1269531250	1.0000000000	54337	RS_EO
138.1523437500	1.0000000000	70734	RS_EC
175.1718750000	1.0000000000	89688	RS_EO
207.1914062500	1.0000000000	106082	RS_EC
244.2148437500	1.0000000000	125038	RS_EO
276.2402343750	1.0000000000	141435	RS_EC
