onset	duration	sample	value
-0.0009765625	44013.0000000000	-0.5	boundary
0.0000000000	1.0000000000	0	RS_EC
37.0468750000	1.0000000000	18968	RS_EO
69.0781250000	1.0000000000	35368	RS_EC
106.1347656250	1.0000000000	54341	RS_EO
138.1601562500	1.0000000000	70738	RS_EC
175.1796875000	1.0000000000	89692	RS_EO
207.1972656250	1.0000000000	106085	RS_EC
244.2187500000	1.0000000000	125040	RS_EO
276.2421875000	1.0000000000	141436	RS_EC
