onset	duration	sample	value
-0.0009765625	76768.0000000000	-0.5	boundary
0.0000000000	1.0000000000	0	RS_EC
37.0468750000	1.0000000000	18968	RS_EO
69.0742187500	1.0000000000	35366	RS_EC
106.1250000000	1.0000000000	54336	RS_EO
138.1503906250	1.0000000000	70733	RS_EC
175.1738281250	1.0000000000	89689	RS_EO
207.1933593750	1.0000000000	106083	RS_EC
244.2148437500	1.0000000000	125038	RS_EO
276.2343750000	1.0000000000	141432	RS_EC
