onset	duration	sample	value
-0.0009765625	49595.0000000000	-0.5	boundary
0.0000000000	1.0000000000	0	RS_EC
37.0468750000	1.0000000000	18968	RS_EO
69.0742187500	1.0000000000	35366	RS_EC
106.1308593750	1.0000000000	54339	RS_EO
138.1582031250	1.0000000000	70737	RS_EC
175.1796875000	1.0000000000	89692	RS_EO
207.2089843750	1.0000000000	106091	RS_EC
244.2363281250	1.0000000000	125049	RS_EO
276.2656250000	1.0000000000	141448	RS_EC
