onset	duration	sample	value
-0.0009765625	42463.0000000000	-0.5	boundary
0.0000000000	1.0000000000	0	RS_EC
37.0449218750	1.0000000000	18967	RS_EO
69.0722656250	1.0000000000	35365	RS_EC
106.1289062500	1.0000000000	54338	RS_EO
138.1562500000	1.0000000000	70736	RS_EC
175.1777343750	1.0000000000	89691	RS_EO
207.1972656250	1.0000000000	106085	RS_EC
244.2187500000	1.0000000000	125040	RS_EO
276.2382812500	1.0000000000	141434	RS_EC
