onset	duration	sample	value
-0.0009765625	39976.0000000000	-0.5	boundary
0.0000000000	1.0000000000	0	RS_EC
37.0468750000	1.0000000000	18968	RS_EO
69.0761718750	1.0000000000	35367	RS_EC
106.1289062500	1.0000000000	54338	RS_EO
138.1542968750	1.0000000000	70735	RS_EC
175.1738281250	1.0000000000	89689	RS_EO
207.1933593750	1.0000000000	106083	RS_EC
244.2167968750	1.0000000000	125039	RS_EO
276.2363281250	1.0000000000	141433	RS_EC
