onset	duration	sample	value
-0.0009765625	43016.0000000000	-0.5	boundary
0.0000000000	1.0000000000	0	RS_EC
37.0449218750	1.0000000000	18967	RS_EO
69.0722656250	1.0000000000	35365	RS_EC
106.1230468750	1.0000000000	54335	RS_EO
138.1484375000	1.0000000000	70732	RS_EC
175.1718750000	1.0000000000	89688	RS_EO
207.1894531250	1.0000000000	106081	RS_EC
244.2128906250	1.0000000000	125037	RS_EO
276.2343750000	1.0000000000	141432	RS_EC
