onset	duration	sample	value
-0.0009765625	47605.0000000000	-0.5	boundary
0.0000000000	1.0000000000	0	RS_EC
40.0449218750	1.0000000000	20503	RS_EO
75.0761718750	1.0000000000	38439	RS_EC
115.1289062500	1.0000000000	58946	RS_EO
150.1523437500	1.0000000000	76878	RS_EC
190.1718750000	1.0000000000	97368	RS_EO
225.1914062500	1.0000000000	115298	RS_EC
265.2167968750	1.0000000000	135791	RS_EO
300.2382812500	1.0000000000	153722	RS_EC
