onset	duration	sample	value
-0.0009765625	48238.0000000000	-0.5	boundary
0.0000000000	1.0000000000	0	RS_EC
40.0468750000	1.0000000000	20504	RS_EO
75.0800781250	1.0000000000	38441	RS_EC
115.1406250000	1.0000000000	58952	RS_EO
150.1660156250	1.0000000000	76885	RS_EC
190.1855468750	1.0000000000	97375	RS_EO
225.2031250000	1.0000000000	115304	RS_EC
265.2265625000	1.0000000000	135796	RS_EO
300.2460937500	1.0000000000	153726	RS_EC
