onset	duration	sample	value
-0.0009765625	51764.0000000000	-0.5	boundary
0.0000000000	1.0000000000	0	RS_EC
37.0468750000	1.0000000000	18968	RS_EO
69.0742187500	1.0000000000	35366	RS_EC
106.1269531250	1.0000000000	54337	RS_EO
138.1542968750	1.0000000000	70735	RS_EC
175.1757812500	1.0000000000	89690	RS_EO
207.1933593750	1.0000000000	106083	RS_EC
244.2167968750	1.0000000000	125039	RS_EO
276.2382812500	1.0000000000	141434	RS_EC
