onset	duration	sample	value
-0.0009765625	61955.0000000000	-0.5	boundary
0.0000000000	1.0000000000	0	RS_EC
37.0195312500	1.0000000000	18954	RS_EO
69.0390625000	1.0000000000	35348	RS_EC
106.0566406250	1.0000000000	54301	RS_EO
138.0761718750	1.0000000000	70695	RS_EC
175.0957031250	1.0000000000	89649	RS_EO
207.1132812500	1.0000000000	106042	RS_EC
244.1328125000	1.0000000000	124996	RS_EO
276.1523437500	1.0000000000	141390	RS_EC
