onset	duration	sample	value
-0.0009765625	41342.0000000000	-0.5	boundary
0.0000000000	1.0000000000	0	RS_EC
37.0449218750	1.0000000000	18967	RS_EO
69.0722656250	1.0000000000	35365	RS_EC
106.1250000000	1.0000000000	54336	RS_EO
138.1503906250	1.0000000000	70733	RS_EC
175.1699218750	1.0000000000	89687	RS_EO
207.1894531250	1.0000000000	106081	RS_EC
244.2128906250	1.0000000000	125037	RS_EO
276.2363281250	1.0000000000	141433	RS_EC
