onset	duration	sample	value
-0.0009765625	45282.0000000000	-0.5	boundary
0.0000000000	1.0000000000	0	RS_EC
37.0468750000	1.0000000000	18968	RS_EO
69.0781250000	1.0000000000	35368	RS_EC
106.1308593750	1.0000000000	54339	RS_EO
138.1542968750	1.0000000000	70735	RS_EC
175.1757812500	1.0000000000	89690	RS_EO
207.1933593750	1.0000000000	106083	RS_EC
244.2167968750	1.0000000000	125039	RS_EO
276.2460937500	1.0000000000	141438	RS_EC
