onset	duration	sample	value
-0.0009765625	46249.0000000000	-0.5	boundary
0.0000000000	1.0000000000	0	RS_EC
37.0429687500	1.0000000000	18966	RS_EO
69.0722656250	1.0000000000	35365	RS_EC
106.1230468750	1.0000000000	54335	RS_EO
138.1484375000	1.0000000000	70732	RS_EC
175.1679687500	1.0000000000	89686	RS_EO
207.1914062500	1.0000000000	106082	RS_EC
244.2167968750	1.0000000000	125039	RS_EO
276.2480468750	1.0000000000	141439	RS_EC
