onset	duration	sample	value
-0.0009765625	44793.0000000000	-0.5	boundary
0.0000000000	1.0000000000	0	RS_EC
40.0449218750	1.0000000000	20503	RS_EO
75.0742187500	1.0000000000	38438	RS_EC
115.1367187500	1.0000000000	58950	RS_EO
150.1640625000	1.0000000000	76884	RS_EC
190.1835937500	1.0000000000	97374	RS_EO
225.2031250000	1.0000000000	115304	RS_EC
265.2246093750	1.0000000000	135795	RS_EO
300.2460937500	1.0000000000	153726	RS_EC
