onset	duration	sample	value
-0.0009765625	45431.0000000000	-0.5	boundary
0.0000000000	1.0000000000	0	RS_EC
40.0507812500	1.0000000000	20506	RS_EO
75.0781250000	1.0000000000	38440	RS_EC
115.1308593750	1.0000000000	58947	RS_EO
150.1542968750	1.0000000000	76879	RS_EC
190.1757812500	1.0000000000	97370	RS_EO
225.1972656250	1.0000000000	115301	RS_EC
265.2187500000	1.0000000000	135792	RS_EO
300.2402343750	1.0000000000	153723	RS_EC
