onset	duration	sample	value
-0.0009765625	39424.0000000000	-0.5	boundary
0.0000000000	1.0000000000	0	RS_EC
37.0449218750	1.0000000000	18967	RS_EO
69.0742187500	1.0000000000	35366	RS_EC
106.1230468750	1.0000000000	54335	RS_EO
138.1484375000	1.0000000000	70732	RS_EC
175.1679687500	1.0000000000	89686	RS_EO
207.1933593750	1.0000000000	106083	RS_EC
244.2265625000	1.0000000000	125044	RS_EO
276.2460937500	1.0000000000	141438	RS_EC
