onset	duration	sample	value
-0.0009765625	44676.0000000000	-0.5	boundary
0.0000000000	1.0000000000	0	RS_EC
37.0488281250	1.0000000000	18969	RS_EO
69.0781250000	1.0000000000	35368	RS_EC
106.1308593750	1.0000000000	54339	RS_EO
138.1582031250	1.0000000000	70737	RS_EC
175.1777343750	1.0000000000	89691	RS_EO
207.1972656250	1.0000000000	106085	RS_EC
244.2207031250	1.0000000000	125041	RS_EO
276.2441406250	1.0000000000	141437	RS_EC
