onset	duration	sample	value
-0.0009765625	36120.0000000000	-0.5	boundary
0.0000000000	1.0000000000	0	RS_EC
37.0488281250	1.0000000000	18969	RS_EO
69.0800781250	1.0000000000	35369	RS_EC
106.1386718750	1.0000000000	54343	RS_EO
138.1640625000	1.0000000000	70740	RS_EC
175.1855468750	1.0000000000	89695	RS_EO
207.2070312500	1.0000000000	106090	RS_EC
244.2304687500	1.0000000000	125046	RS_EO
276.2539062500	1.0000000000	141442	RS_EC
