onset	duration	sample	value
-0.0009765625	41861.0000000000	-0.5	boundary
0.0000000000	1.0000000000	0	RS_EC
37.0468750000	1.0000000000	18968	RS_EO
69.0761718750	1.0000000000	35367	RS_EC
106.1347656250	1.0000000000	54341	RS_EO
138.1621093750	1.0000000000	70739	RS_EC
175.1816406250	1.0000000000	89693	RS_EO
207.2402343750	1.0000000000	106107	RS_EC
244.2636718750	1.0000000000	125063	RS_EO
276.2851562500	1.0000000000	141458	RS_EC
